,LName,FName,Team,Pos,G,AB,R,H,2B,3B,HR,RBI,SB,CS,BB,SO,SH,SF,HBP,AVG,OBP,SLG,OPS
0,Inciarte,Ender,ATL,OF,157,662,93,201,27,5,11,57,22,9,49,94,3,4,0,0.304,0.35,0.409,0.759
1,Gordon,Dee,MIA,2B,158,653,114,201,20,9,2,33,60,16,25,93,2,4,10,0.308,0.341,0.375,0.716
2,Lindor,Francisco,CLE,SS,159,651,99,178,44,4,33,89,15,3,60,93,5,3,4,0.273,0.337,0.505,0.8420000000000001
3,Blackmon,Charlie,COL,OF,159,644,137,213,35,14,37,104,14,10,65,135,3,3,10,0.331,0.39899999999999997,0.601,1.0
4,Andrus,Elvis,TEX,SS,158,643,100,191,44,4,20,88,25,10,38,101,1,4,3,0.297,0.337,0.47100000000000003,0.8079999999999999
5,Machado,Manny,BAL,3B,156,630,81,163,33,1,33,95,9,4,50,115,0,9,1,0.259,0.31,0.47100000000000003,0.7809999999999999
6,Betts,Mookie,BOS,OF,153,628,101,166,46,2,24,102,26,3,77,79,0,5,2,0.264,0.344,0.45899999999999996,0.8029999999999999
7,Schoop,Jonathan,BAL,2B,160,622,92,182,35,0,32,105,1,0,35,142,0,7,11,0.293,0.33799999999999997,0.503,0.841
8,Abreu,Jose,CWS,1B,156,621,95,189,43,6,33,102,3,0,35,119,0,4,15,0.304,0.354,0.552,0.9059999999999999
9,Dozier,Brian,MIN,2B,152,617,106,166,30,4,34,93,16,7,78,141,0,2,8,0.26899999999999996,0.35700000000000004,0.496,0.853
10,Castellanos,Nick,DET,3B,157,614,73,167,36,10,26,101,4,5,41,142,0,5,5,0.272,0.32,0.49,0.81
11,Ozuna,Marcell,MIA,OF,159,613,93,191,30,2,37,124,1,3,64,144,0,2,0,0.312,0.376,0.5479999999999999,0.924
12,Longoria,Evan,TB,3B,156,613,71,160,36,2,20,86,6,1,46,109,0,12,6,0.261,0.313,0.424,0.737
13,LeMahieu,DJ,COL,2B,155,609,95,189,28,4,8,64,6,5,59,90,3,5,6,0.31,0.374,0.409,0.7829999999999999
14,Galvis,Freddy,PHI,SS,162,608,71,155,29,6,12,61,14,5,45,111,2,4,4,0.255,0.309,0.382,0.691
15,Odor,Rougned,TEX,2B,162,607,79,124,21,3,30,75,15,6,32,162,0,4,8,0.204,0.252,0.397,0.649
16,Arenado,Nolan,COL,3B,159,606,100,187,43,7,37,130,3,2,62,106,1,6,4,0.309,0.373,0.586,0.9590000000000001
17,Hosmer,Eric,KC,1B,162,603,98,192,31,1,25,94,6,1,66,104,0,2,0,0.318,0.385,0.498,0.883
18,Yelich,Christian,MIA,OF,156,602,100,170,36,2,18,81,16,2,80,137,0,6,6,0.282,0.369,0.439,0.8079999999999999
19,Escobar,Alcides,KC,SS,162,599,71,150,36,5,6,54,4,7,15,102,7,4,4,0.25,0.272,0.35700000000000004,0.629
20,Stanton,Giancarlo,MIA,OF,159,597,123,168,32,0,59,132,2,2,85,163,0,3,7,0.281,0.376,0.631,1.0070000000000001
21,Jones,Adam,BAL,OF,147,597,82,170,28,1,26,73,2,1,27,113,1,3,7,0.285,0.322,0.466,0.7879999999999999
22,Gardner,Brett,NYY,OF,151,594,96,157,26,4,21,63,23,5,72,122,5,3,8,0.264,0.35,0.428,0.778
23,Markakis,Nick,ATL,OF,160,593,76,163,39,1,8,76,0,2,68,110,0,3,6,0.275,0.354,0.384,0.738
24,Pujols,Albert,LAA,DH,149,593,53,143,17,0,23,101,3,0,37,93,0,4,2,0.24100000000000002,0.28600000000000003,0.386,0.672
25,Cano,Robinson,SEA,2B,150,592,79,166,33,0,23,97,1,0,49,85,0,3,4,0.28,0.33799999999999997,0.45299999999999996,0.7909999999999999
26,Altuve,Jose,HOU,2B,153,590,112,204,39,4,24,81,32,6,58,84,1,4,9,0.34600000000000003,0.41,0.547,0.9570000000000001
27,Simmons,Andrelton,LAA,SS,158,589,77,164,38,2,14,69,19,6,47,67,0,8,3,0.278,0.331,0.42100000000000004,0.752
28,Dickerson,Corey,TB,OF,150,588,84,166,33,4,27,62,4,3,35,152,0,2,3,0.282,0.325,0.49,0.815
29,Bautista,Jose,TOR,OF,157,587,92,119,27,0,23,65,6,3,84,170,0,7,8,0.203,0.308,0.366,0.674
30,Duvall,Adam,CIN,OF,157,587,78,146,37,3,31,99,5,3,39,170,0,11,10,0.249,0.301,0.48,0.7809999999999999
31,Merrifield,Whit,KC,2B,145,587,80,169,32,6,19,78,34,8,29,88,1,7,6,0.28800000000000003,0.324,0.46,0.784
32,Anderson,Tim,CWS,SS,146,587,72,151,26,4,17,56,15,1,13,162,2,1,3,0.257,0.276,0.402,0.6779999999999999
33,Pillar,Kevin,TOR,OF,154,587,72,150,37,1,16,42,15,6,33,95,3,3,6,0.256,0.3,0.40399999999999997,0.7040000000000001
34,Ramirez,Jose,CLE,3B,152,585,107,186,56,6,29,83,17,5,52,69,0,5,3,0.318,0.374,0.583,0.9570000000000001
35,Cain,Lorenzo,KC,OF,155,584,86,175,27,5,15,49,26,2,54,100,0,2,5,0.3,0.363,0.44,0.8029999999999999
36,Hamilton,Billy,CIN,OF,139,582,85,144,17,11,4,38,59,13,44,133,5,2,0,0.247,0.299,0.335,0.634
37,Seager,Kyle,SEA,3B,154,578,72,144,33,1,27,88,2,1,58,110,0,6,8,0.249,0.32299999999999995,0.45,0.773
38,Healy,Ryon,OAK,3B,149,576,66,156,29,0,25,78,0,1,23,142,0,2,4,0.271,0.302,0.451,0.753
39,Franco,Maikel,PHI,3B,154,575,66,132,29,1,24,76,0,0,41,95,0,5,2,0.23,0.281,0.409,0.69
40,Benintendi,Andrew,BOS,OF,151,573,84,155,26,1,20,90,20,5,70,112,1,8,6,0.271,0.35200000000000004,0.424,0.7759999999999999
41,Rizzo,Anthony,CHC,1B,157,572,99,156,32,3,32,109,10,4,91,90,0,4,24,0.273,0.392,0.507,0.899
42,Bogaerts,Xander,BOS,SS,148,571,94,156,32,6,10,62,15,1,56,116,0,2,6,0.273,0.34299999999999997,0.40299999999999997,0.746
43,Santana,Carlos,CLE,1B,154,571,90,148,37,3,23,79,5,1,88,94,0,2,6,0.259,0.363,0.455,0.818
44,McCutchen,Andrew,PIT,OF,156,570,94,159,30,2,28,88,11,5,73,116,0,3,4,0.27899999999999997,0.363,0.486,0.8490000000000001
45,Calhoun,Kole,LAA,OF,155,569,77,139,23,2,19,71,5,1,71,134,0,6,8,0.244,0.33299999999999996,0.392,0.725
46,Lowrie,Jed,OAK,2B,153,567,86,157,49,3,14,69,0,1,73,100,0,3,2,0.27699999999999997,0.36,0.44799999999999995,0.8079999999999999
47,Myers,Wil,SD,1B,155,567,80,138,29,3,30,74,20,6,70,180,0,7,5,0.243,0.32799999999999996,0.46399999999999997,0.792
48,Davis,Khris,OAK,OF,153,566,91,140,28,1,43,110,4,0,73,195,0,7,6,0.247,0.336,0.528,0.8640000000000001
49,Smoak,Justin,TOR,1B,158,560,85,151,29,1,38,90,0,1,73,128,0,2,2,0.27,0.355,0.529,0.884
50,Trumbo,Mark,BAL,OF,146,559,79,131,22,0,23,65,1,0,42,149,0,1,1,0.23399999999999999,0.289,0.397,0.6859999999999999
51,Votto,Joey,CIN,1B,162,559,106,179,34,1,36,100,5,1,134,83,0,6,8,0.32,0.45399999999999996,0.578,1.032
52,Goldschmidt,Paul,ARI,1B,155,558,117,166,34,3,36,120,18,5,94,147,0,4,8,0.297,0.40399999999999997,0.563,0.9670000000000001
53,Morales,Kendrys,TOR,DH,150,557,67,139,25,0,28,85,0,0,43,132,0,3,5,0.25,0.308,0.445,0.753
54,Cruz,Nelson,SEA,DH,155,556,91,160,28,0,39,119,1,1,70,140,0,7,12,0.28800000000000003,0.375,0.5489999999999999,0.924
55,Bregman,Alex,HOU,3B,155,556,88,158,39,5,19,71,17,5,55,97,1,7,7,0.284,0.35200000000000004,0.475,0.8270000000000001
56,Moustakas,Mike,KC,3B,148,555,75,151,24,0,38,85,0,0,34,94,0,6,3,0.272,0.314,0.521,0.835
57,Mazara,Nomar,TEX,OF,148,554,64,140,30,2,20,101,2,2,55,127,0,3,4,0.253,0.32299999999999995,0.42200000000000004,0.745
58,Encarnacion,Edwin,CLE,1B,157,554,96,143,20,1,38,107,2,0,104,133,0,5,5,0.258,0.377,0.504,0.8809999999999999
59,Kinsler,Ian,DET,2B,139,551,90,130,25,3,22,52,14,5,55,86,0,0,7,0.23600000000000002,0.313,0.41200000000000003,0.725
60,Bell,Josh,PIT,1B,159,549,75,140,26,6,26,90,2,4,66,117,0,4,1,0.255,0.33399999999999996,0.466,0.8
61,Bryant,Kris,CHC,3B,151,549,111,162,38,4,29,73,7,5,95,128,0,6,15,0.295,0.409,0.537,0.946
62,Springer,George,HOU,OF,140,548,112,155,29,0,34,85,5,7,64,111,0,4,11,0.28300000000000003,0.36700000000000005,0.522,0.889
63,Choo,Shin-Soo,TEX,OF,149,544,96,142,20,1,22,78,12,3,77,134,3,5,7,0.261,0.35700000000000004,0.423,0.78
64,Mancini,Trey,BAL,OF,147,543,65,159,26,4,24,78,1,0,33,139,0,4,6,0.293,0.33799999999999997,0.488,0.826
65,Rosario,Eddie,MIN,OF,151,542,79,157,33,2,27,78,9,8,35,106,4,8,0,0.29,0.32799999999999996,0.507,0.835
66,Judge,Aaron,NYY,OF,155,542,128,154,24,3,52,114,9,4,127,208,0,4,5,0.284,0.42200000000000004,0.627,1.0490000000000002
67,Seager,Corey,LAD,SS,145,539,85,159,33,0,22,77,4,2,67,131,0,3,4,0.295,0.375,0.479,0.8540000000000001
68,Shaw,Travis,MIL,3B,144,538,84,147,34,1,31,101,10,0,60,138,1,3,4,0.273,0.349,0.513,0.862
69,Lamb,Jake,ARI,3B,149,536,89,133,30,4,30,105,6,4,87,152,0,5,7,0.248,0.35700000000000004,0.48700000000000004,0.8440000000000001
70,Suarez,Eugenio,CIN,3B,156,534,87,139,25,2,26,82,4,5,84,147,0,5,9,0.26,0.36700000000000005,0.461,0.828
71,Gregorius,Didi,NYY,SS,136,534,73,153,27,0,25,87,3,1,25,70,0,7,3,0.287,0.318,0.478,0.7959999999999999
72,Murphy,Daniel,WAS,2B,144,534,94,172,43,3,23,93,2,0,52,77,0,3,4,0.322,0.384,0.5429999999999999,0.927
73,Realmuto,J.T.,MIA,C,141,532,68,148,31,5,17,65,8,2,36,106,0,3,8,0.278,0.332,0.451,0.7829999999999999
74,Gurriel,Yulieski,HOU,1B,139,529,69,158,43,1,18,75,3,2,22,62,0,6,7,0.299,0.332,0.486,0.818
75,Herrera,Odubel,PHI,OF,138,526,67,148,42,3,14,56,8,5,31,126,0,2,4,0.281,0.325,0.452,0.777
76,Peralta,David,ARI,OF,140,525,82,154,31,3,14,57,8,4,43,94,0,3,6,0.293,0.35200000000000004,0.444,0.7959999999999999
77,Santana,Domingo,MIL,OF,151,525,88,146,29,0,30,85,15,4,73,178,0,3,6,0.278,0.371,0.505,0.8759999999999999
78,Mauer,Joe,MIN,1B,141,525,69,160,36,1,7,71,2,1,66,83,0,3,3,0.305,0.384,0.41700000000000004,0.8009999999999999
79,Segura,Jean,SEA,SS,125,524,80,157,30,2,11,45,22,8,34,83,0,1,6,0.3,0.349,0.42700000000000005,0.7759999999999999
80,Zimmerman,Ryan,WAS,1B,144,524,90,159,33,0,36,108,1,0,44,126,0,5,3,0.303,0.358,0.573,0.9309999999999999
81,Souza,Steven,TB,OF,148,523,78,125,21,2,30,78,16,4,84,179,2,1,7,0.239,0.35100000000000003,0.45899999999999996,0.81
82,Reynolds,Mark,COL,1B,148,520,82,139,22,1,30,97,2,1,69,175,0,3,1,0.267,0.35200000000000004,0.48700000000000004,0.8390000000000001
83,Crawford,Brandon,SF,SS,144,518,58,131,34,1,14,77,3,5,42,113,0,9,1,0.253,0.305,0.40299999999999997,0.708
84,Garcia,Avisail,CWS,OF,136,518,75,171,27,5,18,80,5,3,33,111,0,1,9,0.33,0.38,0.506,0.8859999999999999
85,Taylor,Chris,LAD,2B,140,514,85,148,34,5,21,72,17,4,50,142,0,1,3,0.28800000000000003,0.354,0.496,0.85
86,Headley,Chase,NYY,3B,147,512,77,140,30,1,12,61,9,2,60,132,1,7,6,0.273,0.35200000000000004,0.406,0.758
87,Morrison,Logan,TB,1B,149,512,75,126,22,1,38,85,2,0,81,149,0,3,5,0.24600000000000002,0.353,0.516,0.8690000000000001
88,Panik,Joe,SF,2B,138,511,60,147,28,5,10,53,4,1,46,54,3,8,5,0.28800000000000003,0.34700000000000003,0.42100000000000004,0.768
89,Kepler,Max,MIN,OF,147,511,67,124,32,2,19,69,6,1,47,114,1,3,6,0.243,0.312,0.425,0.737
90,Hernandez,Cesar,PHI,2B,128,511,85,150,26,6,9,34,15,5,61,104,0,1,4,0.294,0.373,0.42100000000000004,0.794
91,Gamel,Ben,SEA,OF,134,509,68,140,27,5,11,59,4,1,36,122,1,3,1,0.275,0.322,0.413,0.735
92,Rendon,Anthony,WAS,3B,147,508,81,153,41,1,25,100,7,2,84,82,0,6,7,0.301,0.40299999999999997,0.5329999999999999,0.9359999999999999
93,Moreland,Mitch,BOS,1B,149,508,73,125,34,0,22,79,0,1,57,120,0,5,6,0.24600000000000002,0.326,0.44299999999999995,0.769
94,Arcia,Orlando,MIL,SS,153,506,56,140,17,2,15,53,14,7,36,100,2,3,1,0.27699999999999997,0.324,0.40700000000000003,0.731
95,Story,Trevor,COL,SS,145,503,68,120,32,3,24,82,7,2,49,191,0,1,2,0.239,0.308,0.457,0.765
96,Mercer,Jordy,PIT,SS,145,502,52,128,24,5,14,58,0,4,51,88,0,2,3,0.255,0.326,0.406,0.732
97,Molina,Yadier,STL,C,136,501,60,137,27,1,18,82,9,4,28,74,1,9,4,0.273,0.312,0.439,0.7509999999999999
98,Reyes,Jose,NYM,SS,145,501,75,123,25,7,15,58,24,6,50,79,5,3,2,0.24600000000000002,0.315,0.413,0.728
99,Puig,Yasiel,LAD,OF,152,499,72,131,24,2,28,74,15,6,64,100,0,5,2,0.263,0.34600000000000003,0.48700000000000004,0.833
100,Carpenter,Matt,STL,1B,145,497,91,120,31,2,23,69,2,1,109,125,2,5,9,0.24100000000000002,0.384,0.451,0.835
101,Span,Denard,SF,OF,129,497,73,135,31,5,12,43,12,7,40,69,1,1,3,0.272,0.32899999999999996,0.42700000000000005,0.7559999999999999
102,Ramirez,Hanley,BOS,DH,133,496,58,120,24,0,23,62,1,3,51,116,0,0,6,0.242,0.32,0.429,0.7490000000000001
103,Joseph,Tommy,PHI,1B,142,495,51,119,27,1,22,69,1,0,33,129,0,3,2,0.24,0.289,0.43200000000000005,0.721
104,Posey,Buster,SF,C,140,494,62,158,34,0,12,67,6,1,61,66,0,5,8,0.32,0.4,0.462,0.862
105,Pence,Hunter,SF,OF,134,493,55,128,13,5,13,67,2,3,40,102,0,4,2,0.26,0.315,0.385,0.7
106,Polanco,Jorge,MIN,SS,133,488,60,125,30,3,13,74,13,5,41,78,7,6,2,0.256,0.313,0.41,0.723
107,Swanson,Dansby,ATL,SS,144,488,59,113,23,2,6,51,3,3,59,120,0,4,0,0.23199999999999998,0.312,0.324,0.636
108,Margot,Manuel,SD,OF,126,487,53,128,18,7,13,39,17,7,35,106,1,4,2,0.263,0.313,0.409,0.722
109,Peraza,Jose,CIN,SS,143,487,50,126,9,4,5,37,23,8,20,70,3,1,7,0.259,0.297,0.324,0.621
110,Harrison,Josh,PIT,2B,128,486,66,132,26,2,16,47,12,4,28,90,2,3,23,0.272,0.33899999999999997,0.43200000000000005,0.7709999999999999
111,Sanchez,Yolmer,CWS,2B,141,484,63,129,19,8,12,59,8,9,35,111,7,4,4,0.267,0.319,0.413,0.732
112,Bradley,Jackie,BOS,OF,133,482,58,118,19,3,17,63,8,3,48,124,0,2,9,0.245,0.32299999999999995,0.402,0.725
113,Bellinger,Cody,LAD,1B,132,480,87,128,26,4,39,97,10,3,64,146,0,3,1,0.267,0.35200000000000004,0.581,0.9329999999999999
114,Cabrera,Asdrubal,NYM,SS,135,479,66,134,32,0,14,59,3,2,50,83,1,5,5,0.28,0.35100000000000003,0.434,0.785
115,Reddick,Josh,HOU,OF,134,477,77,150,34,4,13,82,7,3,43,72,1,12,0,0.314,0.363,0.484,0.847
116,Gordon,Alex,KC,OF,148,476,52,99,20,2,9,45,7,4,45,126,2,4,14,0.20800000000000002,0.293,0.315,0.608
117,Schebler,Scott,CIN,OF,141,473,63,110,25,2,30,67,5,3,39,125,0,5,14,0.233,0.307,0.484,0.7909999999999999
118,Perez,Salvador,KC,C,129,471,57,126,24,1,27,80,1,0,17,95,0,5,5,0.268,0.297,0.495,0.792
119,Sanchez,Gary,NYY,C,122,471,79,131,20,0,33,90,2,1,40,120,0,4,10,0.278,0.345,0.531,0.8759999999999999
120,Phillips,Brandon,ATL,2B,120,470,68,137,27,1,11,52,10,8,19,57,1,1,8,0.29100000000000004,0.32899999999999996,0.423,0.752
121,Gonzalez,Carlos,COL,OF,136,470,72,123,34,0,14,57,3,0,56,119,0,6,2,0.262,0.33899999999999997,0.423,0.762
122,Joyce,Matt,OAK,OF,141,469,78,114,33,0,25,68,4,1,66,113,0,7,2,0.243,0.335,0.473,0.8079999999999999
123,Thames,Eric,MIL,1B,138,469,83,116,26,4,31,63,4,2,75,163,0,0,7,0.247,0.359,0.518,0.877
124,Cabrera,Miguel,DET,1B,130,469,50,117,22,0,16,60,0,1,54,110,0,3,3,0.249,0.32899999999999996,0.39899999999999997,0.728
125,Baez,Javier,CHC,SS,145,469,75,128,24,2,23,75,10,3,30,144,6,2,1,0.273,0.317,0.48,0.797
126,Beltran,Carlos,HOU,OF,129,467,60,108,29,0,14,51,0,0,33,102,0,6,3,0.231,0.28300000000000003,0.38299999999999995,0.6659999999999999
127,Solarte,Yangervis,SD,SS,128,466,49,119,21,0,18,64,3,0,37,61,0,4,5,0.255,0.314,0.41600000000000004,0.73
128,Iglesias,Jose,DET,SS,130,463,56,118,33,1,6,54,7,4,21,65,3,1,1,0.255,0.28800000000000003,0.369,0.657
129,Buxton,Byron,MIN,OF,140,462,69,117,14,6,16,51,29,1,38,150,5,2,4,0.253,0.314,0.413,0.727
130,Gennett,Scooter,CIN,2B,141,461,80,136,22,3,27,97,3,2,30,114,0,2,4,0.295,0.342,0.531,0.873
131,Upton,Justin,DET,OF,125,459,81,128,37,0,28,94,10,5,57,147,0,1,3,0.27899999999999997,0.36200000000000004,0.542,0.904
132,Turner,Justin,LAD,3B,130,457,72,147,32,0,21,71,7,1,59,56,1,7,19,0.322,0.415,0.53,0.945
133,Escobar,Eduardo,MIN,3B,129,457,62,116,16,5,21,73,5,1,33,98,1,3,5,0.254,0.309,0.449,0.758
134,Davis,Chris,BAL,1B,128,456,65,98,15,1,26,61,1,1,61,195,0,4,3,0.215,0.309,0.423,0.732
135,Gonzalez,Marwin,HOU,SS,134,455,67,138,34,0,23,90,8,3,49,99,3,2,6,0.303,0.377,0.53,0.907
136,Valencia,Danny,SEA,1B,130,450,54,115,19,3,15,66,2,2,40,122,0,8,2,0.256,0.314,0.41100000000000003,0.725
137,Gallo,Joey,TEX,3B,145,449,85,94,18,3,41,80,7,2,75,196,0,0,8,0.209,0.33299999999999996,0.537,0.87
138,Drury,Brandon,ARI,2B,135,445,41,119,37,2,13,63,1,1,28,103,0,2,5,0.267,0.317,0.447,0.764
139,Renfroe,Hunter,SD,OF,122,445,51,103,25,1,26,58,3,0,27,140,0,1,6,0.231,0.284,0.467,0.7509999999999999
140,Spangenberg,Cory,SD,3B,129,444,57,117,18,2,13,46,11,3,34,128,2,1,5,0.264,0.322,0.401,0.723
141,Pham,Tommy,STL,OF,128,444,95,136,22,2,23,73,25,7,71,117,2,3,10,0.306,0.41100000000000003,0.52,0.9309999999999999
142,Castro,Starlin,NYY,2B,112,443,66,133,18,1,16,63,2,0,23,93,0,3,4,0.3,0.33799999999999997,0.45399999999999996,0.792
143,Freeman,Freddie,ATL,1B,117,440,84,135,35,2,28,71,8,5,65,95,0,2,7,0.307,0.40299999999999997,0.586,0.9890000000000001
144,Grandal,Yasmani,LAD,C,129,438,50,108,27,0,22,58,0,1,40,130,1,3,0,0.247,0.308,0.45899999999999996,0.767
145,Kemp,Matt,ATL,OF,115,438,47,121,23,1,19,64,0,2,27,99,0,1,0,0.276,0.318,0.46299999999999997,0.7809999999999999
146,Cozart,Zack,CIN,SS,122,438,80,130,24,7,24,63,3,0,62,78,0,4,3,0.297,0.385,0.5479999999999999,0.9329999999999999
147,Zobrist,Ben,CHC,2B,128,435,58,101,20,3,12,50,2,2,54,71,2,3,2,0.23199999999999998,0.318,0.375,0.693
148,Perez,Hernan,MIL,3B,136,432,47,112,19,3,14,51,13,4,20,79,2,4,0,0.259,0.289,0.414,0.703
149,Heyward,Jason,CHC,OF,126,432,59,112,15,4,11,59,4,4,41,67,2,2,3,0.259,0.326,0.389,0.715
150,Maldonado,Martin,LAA,C,138,429,43,95,19,1,14,38,0,2,15,119,8,1,18,0.221,0.276,0.368,0.644
151,Gyorko,Jedd,STL,3B,125,426,52,116,21,2,20,67,6,2,47,105,0,7,1,0.272,0.341,0.47200000000000003,0.813
152,Freese,David,PIT,3B,130,426,44,112,16,0,10,52,0,1,58,116,0,4,15,0.263,0.368,0.371,0.7390000000000001
153,Pollock,A.J.,ARI,OF,112,425,73,113,33,6,14,49,20,6,35,71,0,0,6,0.266,0.33,0.47100000000000003,0.8009999999999999
154,Napoli,Mike,TEX,1B,124,425,60,82,11,1,29,66,1,2,49,163,0,3,7,0.193,0.285,0.428,0.713
155,Sano,Miguel,MIN,3B,114,424,75,112,15,2,28,77,0,0,54,173,0,1,4,0.264,0.35200000000000004,0.507,0.8590000000000001
156,Wieters,Matt,WAS,C,123,422,43,95,20,0,10,52,1,0,38,94,0,4,1,0.225,0.28800000000000003,0.344,0.632
157,Schwarber,Kyle,CHC,OF,129,422,67,89,16,1,30,59,1,1,59,150,0,0,5,0.21100000000000002,0.315,0.467,0.782
158,Correa,Carlos,HOU,SS,109,422,82,133,25,1,24,84,2,1,53,92,0,4,2,0.315,0.391,0.55,0.941
159,Harper,Bryce,WAS,OF,111,420,95,134,27,1,29,87,4,2,68,99,0,3,1,0.319,0.413,0.595,1.008
160,Fowler,Dexter,STL,OF,118,420,68,111,22,9,18,64,7,3,63,101,0,4,4,0.264,0.363,0.488,0.851
161,Goins,Ryan,TOR,SS,143,418,37,99,21,1,9,62,3,2,31,96,5,5,0,0.237,0.28600000000000003,0.35600000000000004,0.642
162,DeJong,Paul,STL,SS,108,417,55,119,26,1,25,65,1,0,21,124,0,1,4,0.285,0.325,0.532,0.857
163,Donaldson,Josh,TOR,3B,113,415,65,112,21,0,33,78,2,2,76,111,0,2,3,0.27,0.385,0.5589999999999999,0.9440000000000001
164,Broxton,Keon,MIL,OF,143,414,66,91,15,4,20,49,21,7,40,175,1,1,7,0.22,0.299,0.42,0.7190000000000001
165,Davidson,Matt,CWS,3B,118,414,43,91,16,1,26,68,0,1,19,165,0,5,5,0.22,0.26,0.452,0.7120000000000001
166,Grichuk,Randal,STL,OF,122,412,53,98,25,3,22,59,6,1,26,133,0,2,2,0.23800000000000002,0.285,0.473,0.758
167,Turner,Trea,WAS,SS,98,412,75,117,24,6,11,45,46,8,30,80,0,1,4,0.284,0.33799999999999997,0.451,0.789
168,Bruce,Jay,NYM,OF,103,406,61,104,20,0,29,75,0,1,39,102,0,2,1,0.256,0.321,0.52,0.841
169,Dietrich,Derek,MIA,3B,135,406,56,101,22,5,13,53,0,1,36,98,0,4,18,0.249,0.33399999999999996,0.424,0.758
170,Pedroia,Dustin,BOS,2B,105,406,46,119,19,0,7,62,4,3,49,48,2,4,2,0.293,0.369,0.392,0.7609999999999999
171,Frazier,Adam,PIT,OF,121,406,55,112,20,6,6,53,9,5,36,57,1,3,8,0.276,0.344,0.39899999999999997,0.743
172,Villar,Jonathan,MIL,SS,122,403,49,97,18,1,11,40,23,8,30,132,2,1,0,0.24100000000000002,0.293,0.37200000000000005,0.665
173,Trout,Mike,LAA,OF,114,402,92,123,25,3,33,72,22,4,94,90,0,4,7,0.306,0.442,0.629,1.071
174,Taylor,Michael,WAS,OF,118,399,55,108,23,3,19,53,17,7,29,137,1,2,1,0.271,0.32,0.486,0.8059999999999999
175,Cabrera,Melky,CWS,OF,98,397,54,117,17,0,13,56,0,0,25,52,2,3,1,0.295,0.336,0.436,0.772
176,Martinez,Victor,DET,DH,107,392,38,100,16,0,10,47,0,0,36,63,0,2,5,0.255,0.324,0.37200000000000005,0.696
177,Parra,Gerardo,COL,OF,115,392,56,121,24,1,10,71,2,5,20,67,0,9,4,0.309,0.341,0.452,0.7929999999999999
178,Hedges,Austin,SD,C,120,387,36,83,17,0,18,55,4,1,23,122,1,3,3,0.214,0.262,0.39799999999999996,0.66
179,Zunino,Mike,SEA,C,124,387,52,97,25,0,25,64,1,0,39,160,0,1,8,0.251,0.331,0.509,0.84
180,Heredia,Guillermo,SEA,OF,123,386,43,96,16,0,6,24,1,5,27,64,1,1,11,0.249,0.315,0.337,0.652
181,Bonifacio,Jorge,KC,OF,113,384,55,98,15,1,17,40,1,1,35,118,0,1,2,0.255,0.32,0.43200000000000005,0.752
182,Belt,Brandon,SF,1B,104,382,63,92,27,3,18,51,3,2,66,104,0,1,2,0.24100000000000002,0.355,0.469,0.8240000000000001
183,Grossman,Robbie,MIN,OF,119,382,62,94,22,1,9,45,3,1,67,79,2,2,3,0.24600000000000002,0.361,0.38,0.741
184,Kiermaier,Kevin,TB,OF,98,380,56,105,15,3,15,39,16,7,31,99,4,1,5,0.276,0.33799999999999997,0.45,0.7879999999999999
185,Braun,Ryan,MIL,OF,104,380,58,102,28,2,17,52,12,4,38,76,0,4,3,0.268,0.336,0.48700000000000004,0.823
186,Jay,Jon,CHC,OF,141,379,65,112,18,3,2,34,6,2,37,80,3,2,12,0.29600000000000004,0.374,0.375,0.7490000000000001
187,Polanco,Gregory,PIT,OF,108,379,39,95,20,0,11,35,8,1,27,60,0,1,3,0.251,0.305,0.391,0.696
188,Bour,Justin,MIA,1B,108,377,52,109,18,0,25,83,1,0,47,95,0,4,1,0.289,0.366,0.536,0.902
189,Contreras,Willson,CHC,C,117,377,50,104,21,0,21,74,5,4,45,98,1,2,3,0.276,0.35600000000000004,0.499,0.855
190,DeShields,Delino,TEX,OF,120,376,75,101,15,2,6,22,29,8,44,109,13,4,3,0.26899999999999996,0.34700000000000003,0.36700000000000005,0.7140000000000001
191,Conforto,Michael,NYM,OF,109,373,72,104,20,1,27,68,2,0,57,113,0,2,8,0.27899999999999997,0.384,0.555,0.9390000000000001
192,Holliday,Matt,NYY,DH,105,373,50,86,18,0,19,64,1,0,46,114,0,5,3,0.231,0.316,0.43200000000000005,0.748
193,Altherr,Aaron,PHI,OF,107,372,58,101,24,5,19,65,5,4,32,104,0,1,7,0.272,0.34,0.516,0.856
194,Barnhart,Tucker,CIN,C,121,370,26,100,24,2,7,44,4,0,42,68,5,3,3,0.27,0.34700000000000003,0.40299999999999997,0.75
195,Haniger,Mitch,SEA,OF,96,369,58,104,25,2,16,47,5,4,31,93,1,0,9,0.282,0.35200000000000004,0.491,0.843
196,Gomez,Carlos,TEX,OF,105,368,51,94,23,1,17,51,13,5,31,127,3,5,19,0.255,0.34,0.462,0.802
197,Happ,Ian,CHC,2B,115,364,62,92,17,3,24,68,8,4,39,129,2,4,4,0.253,0.32799999999999996,0.514,0.8420000000000001
198,Owings,Chris,ARI,SS,97,362,41,97,25,1,12,51,12,2,17,87,2,4,1,0.268,0.299,0.442,0.741
199,Moss,Brandon,KC,DH,118,362,41,75,14,0,22,50,2,0,37,128,0,2,0,0.207,0.27899999999999997,0.428,0.7070000000000001
200,Forsythe,Logan,LAD,2B,119,361,56,81,19,0,6,36,3,2,69,109,0,5,4,0.22399999999999998,0.35100000000000003,0.327,0.6779999999999999
201,Ellsbury,Jacoby,NYY,OF,112,356,65,94,20,4,7,39,22,3,41,63,2,0,5,0.264,0.348,0.402,0.75
202,Castro,Jason,MIN,C,110,356,49,86,22,0,10,47,0,0,45,108,1,1,4,0.242,0.33299999999999996,0.38799999999999996,0.721
203,Wong,Kolten,STL,2B,108,354,55,101,27,3,4,42,8,2,41,60,1,3,12,0.285,0.376,0.41200000000000003,0.7879999999999999
204,Russell,Addison,CHC,SS,110,352,52,84,21,3,12,43,2,1,29,91,0,0,4,0.239,0.304,0.418,0.722
205,McCann,James,DET,C,106,352,39,89,14,2,13,49,1,0,26,89,1,3,9,0.253,0.318,0.415,0.733
206,Escobar,Yunel,LAA,3B,89,350,43,96,20,1,7,31,1,4,29,51,0,0,2,0.27399999999999997,0.33299999999999996,0.397,0.73
207,McCann,Brian,HOU,C,97,349,47,84,12,1,18,62,1,0,38,58,0,5,7,0.24100000000000002,0.32299999999999995,0.436,0.759
208,Mahtook,Mikie,DET,OF,109,348,50,96,15,6,12,38,6,0,23,79,0,2,6,0.276,0.33,0.457,0.787
209,d'Arnaud,Travis,NYM,C,112,348,39,85,19,1,16,57,0,0,23,59,0,3,2,0.244,0.293,0.44299999999999995,0.736
210,Valbuena,Luis,LAA,3B,117,347,42,69,15,0,22,65,0,2,48,106,0,5,1,0.19899999999999998,0.294,0.43200000000000005,0.726
211,Dyson,Jarrod,SEA,OF,111,346,56,87,13,3,5,30,28,7,28,55,4,2,10,0.251,0.324,0.35,0.674
212,Descalso,Daniel,ARI,2B,131,344,47,80,16,5,10,51,4,0,48,89,0,2,4,0.233,0.332,0.395,0.727
213,Semien,Marcus,OAK,SS,85,342,53,85,19,1,10,40,12,1,38,85,1,3,2,0.249,0.325,0.39799999999999996,0.723
214,Piscotty,Stephen,STL,OF,107,341,40,80,16,1,9,39,3,6,52,87,0,3,5,0.235,0.342,0.36700000000000005,0.7090000000000001
215,Gomes,Yan,CLE,C,105,341,43,79,15,0,14,56,0,0,31,99,1,2,8,0.23199999999999998,0.309,0.39899999999999997,0.708
216,Castillo,Welington,BAL,C,96,341,44,96,11,0,20,53,0,0,22,97,0,2,0,0.282,0.32299999999999995,0.49,0.813
217,Beltre,Adrian,TEX,3B,94,340,47,106,22,1,17,71,1,0,39,52,0,6,4,0.312,0.38299999999999995,0.532,0.915
218,Cron,C.J.,LAA,1B,100,339,39,84,14,1,16,56,3,2,22,96,0,3,7,0.248,0.305,0.43700000000000006,0.742
219,Desmond,Ian,COL,OF,95,339,47,93,11,1,7,40,15,4,24,87,2,4,4,0.27399999999999997,0.326,0.375,0.701
220,Brantley,Michael,CLE,OF,90,338,47,101,20,1,9,52,11,1,31,50,0,4,2,0.299,0.35700000000000004,0.444,0.8009999999999999
221,Miller,Brad,TB,2B,110,338,43,68,13,3,9,40,5,3,63,110,0,4,2,0.201,0.327,0.337,0.664
222,Granderson,Curtis,NYM,OF,111,337,58,77,22,3,19,52,4,2,53,90,0,3,2,0.228,0.33399999999999996,0.48100000000000004,0.815
223,Barney,Darwin,TOR,2B,129,336,34,78,14,0,6,25,7,2,18,64,5,1,2,0.23199999999999998,0.275,0.327,0.602
224,Flores,Wilmer,NYM,3B,110,336,42,91,17,1,18,52,1,1,17,54,0,6,3,0.271,0.307,0.488,0.795
225,Kipnis,Jason,CLE,2B,90,336,43,78,25,0,12,35,6,2,28,71,2,5,2,0.23199999999999998,0.29100000000000004,0.414,0.705
226,Maybin,Cameron,LAA,OF,93,336,57,79,19,1,6,22,29,5,48,78,0,1,2,0.235,0.33299999999999996,0.35100000000000003,0.684
227,Aybar,Erick,SD,SS,108,333,37,78,15,1,7,22,11,4,28,57,3,2,4,0.23399999999999999,0.3,0.348,0.648
228,Difo,Wilmer,WAS,SS,124,332,47,90,10,4,5,21,10,1,24,74,5,3,1,0.271,0.319,0.37,0.6890000000000001
229,Smith,Seth,BAL,OF,111,330,50,85,19,0,13,32,2,0,36,79,0,1,6,0.258,0.34,0.433,0.773
230,Pina,Manny,MIL,C,107,330,45,92,21,0,9,43,2,0,20,79,1,3,5,0.27899999999999997,0.327,0.424,0.7509999999999999
231,Vazquez,Christian,BOS,C,99,324,43,94,18,2,5,32,7,2,17,64,0,1,3,0.29,0.33,0.40399999999999997,0.7340000000000001
232,Alonso,Yonder,OAK,1B,100,319,52,85,17,0,22,49,1,0,50,88,0,0,2,0.266,0.369,0.527,0.8959999999999999
233,Romine,Andrew,DET,3B,124,318,45,74,17,2,4,25,6,4,22,67,2,2,4,0.233,0.289,0.336,0.625
234,Beckham,Tim,TB,SS,87,317,31,82,5,3,12,36,5,4,24,110,1,1,2,0.259,0.314,0.40700000000000003,0.721
235,Flowers,Tyler,ATL,C,99,317,41,89,16,0,12,49,0,1,31,82,0,2,20,0.281,0.37799999999999995,0.445,0.823
236,Torreyes,Ronald,NYY,SS,108,315,35,92,15,1,3,36,2,0,11,43,5,4,1,0.292,0.314,0.375,0.6890000000000001
237,Williams,Nick,PHI,OF,83,313,45,90,14,4,12,55,1,2,20,97,0,4,6,0.28800000000000003,0.33799999999999997,0.473,0.8109999999999999
238,Pearce,Steve,TOR,OF,92,313,38,79,17,1,13,37,0,0,27,68,0,3,5,0.252,0.319,0.43799999999999994,0.757
239,Pirela,Jose,SD,OF,83,312,43,90,25,4,10,40,4,3,27,71,1,2,2,0.28800000000000003,0.34700000000000003,0.49,0.8370000000000001
240,Hernandez,Gorkys,SF,OF,128,310,40,79,20,1,0,22,12,4,31,73,2,2,3,0.255,0.327,0.326,0.653
241,Marte,Starling,PIT,OF,77,309,48,85,7,2,7,31,21,4,20,63,0,2,8,0.275,0.33299999999999996,0.379,0.7120000000000001
242,Utley,Chase,LAD,2B,127,309,43,73,20,4,8,34,6,1,32,57,1,2,9,0.23600000000000002,0.324,0.405,0.7290000000000001
243,Martin,Russell,TOR,C,91,307,49,68,12,0,13,35,1,2,50,83,1,0,7,0.221,0.34299999999999997,0.38799999999999996,0.731
244,Asuaje,Carlos,SD,2B,89,307,28,83,14,1,4,21,0,1,28,76,5,1,2,0.27,0.33399999999999996,0.36200000000000004,0.696
245,Nunez,Eduardo,SF,3B,76,302,37,93,21,0,4,31,18,5,12,29,1,2,1,0.308,0.33399999999999996,0.41700000000000004,0.7509999999999999
246,Hicks,Aaron,NYY,OF,88,301,54,80,18,0,15,52,10,5,51,67,1,5,3,0.266,0.37200000000000005,0.475,0.847
247,Engel,Adam,CWS,OF,97,301,34,50,11,3,6,21,8,1,19,117,8,0,8,0.166,0.235,0.282,0.517
248,Garcia,Leury,CWS,OF,87,300,41,81,15,2,9,33,8,5,13,69,3,2,8,0.27,0.316,0.423,0.7390000000000001
249,Davis,Rajai,OAK,OF,100,300,49,70,17,2,5,18,26,6,26,70,1,1,0,0.233,0.294,0.353,0.647
250,Gattis,Evan,HOU,C,84,300,41,79,22,0,12,55,0,1,18,50,0,3,4,0.263,0.311,0.457,0.768
251,Almora,Albert,CHC,OF,132,299,39,89,18,1,8,46,1,0,19,53,3,2,0,0.298,0.33799999999999997,0.445,0.7829999999999999
252,Zimmer,Bradley,CLE,OF,101,299,41,72,15,2,8,39,18,1,26,99,0,3,4,0.24100000000000002,0.307,0.385,0.6920000000000001
253,Hernandez,Enrique,LAD,SS,140,297,46,64,24,2,11,37,3,0,41,80,1,3,0,0.215,0.308,0.42100000000000004,0.7290000000000001
254,Rupp,Cameron,PHI,C,88,295,35,64,17,0,14,34,1,0,34,114,0,1,1,0.217,0.299,0.41700000000000004,0.716
255,Revere,Ben,LAA,OF,109,291,37,80,13,2,1,20,21,6,15,25,0,2,0,0.275,0.308,0.344,0.652
256,Adams,Matt,ATL,1B,100,291,42,79,20,1,19,58,0,0,19,71,0,3,1,0.271,0.315,0.5429999999999999,0.858
257,Cespedes,Yoenis,NYM,OF,81,291,46,85,17,2,17,42,0,1,26,61,0,2,2,0.292,0.35200000000000004,0.54,0.892
258,Chapman,Matt,OAK,3B,84,290,39,68,23,2,14,40,0,3,32,92,0,2,2,0.23399999999999999,0.313,0.47200000000000003,0.785
259,Carrera,Ezequiel,TOR,OF,131,287,38,81,10,1,8,20,10,1,30,75,5,0,3,0.282,0.35600000000000004,0.408,0.764
260,Hundley,Nick,SF,C,101,287,27,70,23,0,9,35,0,0,12,81,2,2,0,0.244,0.272,0.418,0.69
261,Diaz,Aledmys,STL,SS,79,286,31,74,17,0,7,20,4,1,13,42,1,1,0,0.259,0.29,0.392,0.682
262,Pinder,Chad,OAK,SS,87,282,36,67,15,1,15,42,2,1,18,92,0,3,5,0.23800000000000002,0.292,0.457,0.7490000000000001
263,Lucroy,Jonathan,TEX,C,77,281,27,68,15,0,4,27,1,0,19,32,0,2,4,0.242,0.297,0.33799999999999997,0.635
264,Jackson,Austin,CLE,OF,85,280,46,89,19,3,7,35,3,1,33,64,0,4,1,0.318,0.387,0.48200000000000004,0.8690000000000001
265,Frazier,Todd,CWS,3B,81,280,41,58,15,0,16,44,4,3,48,71,0,3,4,0.207,0.32799999999999996,0.43200000000000005,0.76
266,Aguilar,Jesus,MIL,1B,133,279,40,74,15,2,16,52,0,0,25,94,0,3,4,0.265,0.331,0.505,0.836
267,Suzuki,Kurt,ATL,C,81,276,38,78,13,0,19,50,0,0,17,39,1,2,13,0.28300000000000003,0.35100000000000003,0.536,0.887
268,Smith,Kevan,CWS,C,87,276,23,78,17,0,4,30,0,0,9,46,2,3,3,0.28300000000000003,0.309,0.38799999999999996,0.6970000000000001
269,Pederson,Joc,LAD,OF,102,273,44,58,20,0,11,35,4,3,39,68,0,1,10,0.212,0.331,0.40700000000000003,0.738
270,Rojas,Miguel,MIA,SS,90,272,37,79,16,2,1,26,2,1,27,32,1,2,4,0.29,0.361,0.375,0.736
271,Iannetta,Chris,ARI,C,89,272,38,69,19,0,17,43,0,0,37,87,0,1,6,0.254,0.354,0.511,0.865
272,Martinez,Jose,STL,OF,106,272,47,84,13,1,14,46,4,0,32,60,1,2,0,0.309,0.379,0.518,0.897
273,Leon,Sandy,BOS,C,85,271,32,61,14,0,7,39,0,0,25,74,1,3,1,0.225,0.29,0.354,0.644
274,Lind,Adam,WAS,1B,116,267,39,81,14,0,14,59,1,0,28,47,0,6,0,0.303,0.36200000000000004,0.513,0.875
275,Walker,Neil,NYM,2B,73,265,40,70,13,2,10,36,0,1,27,47,1,2,4,0.264,0.33899999999999997,0.442,0.7809999999999999
276,Cervelli,Francisco,PIT,C,81,265,31,66,13,2,5,31,0,2,32,65,0,1,6,0.249,0.342,0.37,0.7120000000000001
277,Hechavarria,Adeiny,TB,SS,77,265,29,68,12,4,7,24,4,1,12,58,1,2,1,0.257,0.289,0.41100000000000003,0.7
278,Chirinos,Robinson,TEX,C,88,263,46,67,13,1,17,38,1,0,34,79,1,1,10,0.255,0.36,0.506,0.866
279,Rickard,Joey,BAL,OF,111,261,29,63,15,0,4,19,8,1,9,63,2,1,4,0.24100000000000002,0.276,0.345,0.621
280,Motter,Taylor,SEA,SS,92,258,29,51,12,0,7,26,12,1,21,62,0,1,0,0.198,0.257,0.326,0.583
281,Jaso,John,PIT,1B,126,256,28,54,19,0,10,35,1,1,40,66,0,1,5,0.21100000000000002,0.32799999999999996,0.402,0.73
282,Smith,Mallex,TB,OF,81,256,33,69,8,4,2,12,16,5,23,62,2,1,0,0.27,0.32899999999999996,0.355,0.684
283,Hardy,J.J.,BAL,SS,73,254,24,55,13,1,4,24,0,1,12,48,1,0,1,0.217,0.255,0.32299999999999995,0.578
284,Joseph,Caleb,BAL,C,89,254,31,65,14,1,8,28,0,0,10,72,1,0,1,0.256,0.287,0.413,0.7
285,Narvaez,Omar,CWS,C,90,253,23,70,10,0,2,14,0,0,38,45,3,0,1,0.27699999999999997,0.373,0.34,0.713
286,Saladino,Tyler,CWS,SS,79,253,23,45,9,2,0,10,5,4,23,67,2,0,3,0.17800000000000002,0.254,0.22899999999999998,0.483
287,Werth,Jayson,WAS,OF,70,252,35,57,10,1,10,29,4,3,35,69,0,1,1,0.226,0.322,0.39299999999999996,0.715
288,Duda,Lucas,NYM,1B,75,252,30,62,21,0,17,37,0,0,37,73,0,0,2,0.24600000000000002,0.34700000000000003,0.532,0.879
289,Lagares,Juan,NYM,OF,94,252,37,63,16,2,3,15,7,3,14,56,2,1,3,0.25,0.29600000000000004,0.365,0.6609999999999999
290,Goodwin,Brian,WAS,OF,74,251,41,63,21,1,13,30,6,0,23,69,0,3,1,0.251,0.313,0.498,0.8109999999999999
291,Sogard,Eric,MIL,2B,94,249,37,68,15,1,3,18,3,3,45,37,1,0,4,0.273,0.39299999999999996,0.37799999999999995,0.7709999999999999
292,Presley,Alex,DET,OF,71,245,30,77,10,3,3,20,5,0,15,49,3,0,0,0.314,0.354,0.41600000000000004,0.77
293,Young,Chris,BOS,OF,90,243,30,57,12,2,7,25,3,2,30,55,0,1,2,0.235,0.322,0.387,0.7090000000000001
294,Tulowitzki,Troy,TOR,SS,66,241,16,60,10,0,7,26,0,1,17,40,0,1,1,0.249,0.3,0.37799999999999995,0.6779999999999999
295,Camargo,Johan,ATL,SS,82,241,30,72,21,2,4,27,0,0,12,51,2,1,0,0.299,0.331,0.452,0.7829999999999999
296,Vargas,Kennys,MIN,1B,78,241,33,61,13,0,11,41,0,0,20,77,0,1,2,0.253,0.314,0.444,0.758
297,Garcia,Greg,STL,2B,133,241,27,61,9,2,2,20,2,1,37,64,5,1,6,0.253,0.365,0.332,0.6970000000000001
298,Chisenhall,Lonnie,CLE,OF,82,236,34,68,17,1,12,53,2,2,25,55,3,3,3,0.28800000000000003,0.36,0.521,0.8809999999999999
299,Martinez,J.D.,ARI,OF,62,232,47,70,13,1,29,65,2,0,24,74,0,1,0,0.302,0.366,0.741,1.107
300,Gonzalez,Adrian,LAD,1B,71,231,14,56,17,0,3,30,0,1,16,43,0,4,0,0.242,0.287,0.355,0.642
301,Marisnick,Jake,HOU,OF,106,230,50,56,10,0,16,35,9,4,20,90,2,1,6,0.243,0.319,0.496,0.815
302,Romine,Austin,NYY,C,80,229,19,50,9,1,2,21,0,0,16,57,2,3,2,0.218,0.272,0.293,0.565
303,Wolters,Tony,COL,C,83,229,30,55,8,1,0,16,0,1,33,55,2,0,2,0.24,0.341,0.284,0.625
304,Riddle,J.T.,MIA,SS,70,228,20,57,13,1,3,31,0,2,12,50,2,5,0,0.25,0.282,0.355,0.637
305,Espinosa,Danny,LAA,2B,77,228,27,37,8,0,6,29,3,5,19,91,1,2,4,0.162,0.237,0.276,0.513
306,Herrmann,Chris,ARI,C,106,226,35,41,7,0,10,27,5,0,29,67,0,1,0,0.18100000000000002,0.273,0.345,0.618
307,Blanco,Gregor,ARI,OF,90,224,43,55,10,3,3,13,15,1,31,59,1,0,0,0.24600000000000002,0.337,0.35700000000000004,0.6940000000000001
308,Marte,Ketel,ARI,SS,73,223,30,58,11,2,5,18,3,1,29,37,0,2,1,0.26,0.345,0.395,0.74
309,Cabrera,Melky,KC,OF,58,223,24,60,13,2,4,29,1,2,11,22,0,3,1,0.26899999999999996,0.303,0.39899999999999997,0.7020000000000001
310,Devers,Rafael,BOS,3B,58,222,34,63,14,0,10,30,3,1,18,57,0,0,0,0.284,0.33799999999999997,0.48200000000000004,0.82
311,Avila,Alex,DET,C,77,219,30,60,11,0,11,32,0,1,43,80,0,1,1,0.27399999999999997,0.39399999999999996,0.475,0.8690000000000001
312,Maxwell,Bruce,OAK,C,76,219,21,52,12,0,3,22,0,0,31,63,1,2,0,0.237,0.32899999999999996,0.33299999999999996,0.662
313,Barnes,Austin,LAD,C,102,218,35,63,15,2,8,38,4,1,39,43,0,0,5,0.289,0.408,0.486,0.894
314,Robertson,Daniel,TB,SS,75,218,22,45,7,2,5,19,1,1,29,73,1,2,4,0.20600000000000002,0.308,0.326,0.634
315,Albies,Ozzie,ATL,2B,57,217,34,62,9,5,6,28,8,1,21,36,1,2,3,0.28600000000000003,0.354,0.456,0.81
316,Perez,Roberto,CLE,C,73,217,22,45,12,0,8,38,0,1,26,71,4,1,0,0.207,0.29100000000000004,0.373,0.664
317,Beckham,Tim,BAL,SS,50,216,36,66,13,2,10,26,1,1,12,57,0,0,2,0.306,0.348,0.523,0.871
318,Osuna,Jose,PIT,OF,104,215,31,50,13,4,7,30,0,0,9,40,0,1,2,0.233,0.26899999999999996,0.428,0.6970000000000001
319,Rivera,T.J.,NYM,3B,73,214,27,62,13,1,5,27,1,0,9,32,1,2,5,0.29,0.33,0.43,0.76
320,Ramos,Wilson,TB,C,64,208,19,54,6,0,11,35,0,0,10,36,0,3,0,0.26,0.29,0.447,0.737
321,Rosales,Adam,OAK,2B,71,205,15,48,11,0,4,27,1,1,10,66,3,3,2,0.23399999999999999,0.273,0.34600000000000003,0.619
322,Cordoba,Allen,SD,SS,100,202,17,42,2,2,4,15,2,2,18,54,0,3,4,0.20800000000000002,0.282,0.297,0.579
323,Aoki,Norichika,HOU,OF,71,202,28,55,12,1,2,19,5,2,15,29,1,4,2,0.272,0.32299999999999995,0.371,0.6940000000000001
324,Martinez,J.D.,DET,OF,57,200,38,61,13,2,16,39,2,0,29,54,0,3,0,0.305,0.38799999999999996,0.63,1.018
325,Saunders,Michael,PHI,OF,61,200,25,41,9,2,6,20,0,1,13,51,0,0,1,0.205,0.257,0.36,0.617
326,Moncada,Yoan,CWS,2B,54,199,31,46,8,2,8,22,3,2,29,74,0,0,3,0.231,0.33799999999999997,0.41200000000000003,0.75
327,Suzuki,Ichiro,MIA,OF,136,196,19,50,6,0,3,20,1,1,17,35,1,0,1,0.255,0.318,0.332,0.65
328,Pennington,Cliff,LAA,2B,87,194,23,49,6,0,3,21,3,1,16,58,1,5,1,0.253,0.306,0.33,0.636
329,Tomlinson,Kelby,SF,2B,104,194,32,50,4,2,1,11,9,1,23,46,2,3,0,0.258,0.332,0.314,0.6459999999999999
330,Frazier,Todd,NYY,3B,66,194,33,43,4,1,11,32,0,0,35,54,0,2,10,0.222,0.365,0.423,0.7879999999999999
331,Olson,Matt,OAK,1B,59,189,33,49,2,0,24,45,0,0,22,60,0,0,5,0.259,0.35200000000000004,0.6509999999999999,1.003
332,Diaz,Elias,PIT,C,64,188,18,42,14,0,1,19,1,0,11,38,0,1,0,0.223,0.265,0.314,0.579
333,Bourjos,Peter,TB,OF,100,188,27,42,9,3,5,15,5,4,12,53,1,1,1,0.223,0.272,0.38299999999999995,0.655
334,Moore,Tyler,MIA,1B,104,187,17,43,14,0,6,30,0,0,10,56,1,4,1,0.23,0.267,0.401,0.6679999999999999
335,Gimenez,Chris,MIN,C,77,186,28,41,9,0,7,16,1,0,33,60,2,0,4,0.22,0.35,0.382,0.732
336,Mathis,Jeff,ARI,C,60,186,13,40,10,2,2,11,1,0,14,61,1,0,2,0.215,0.27699999999999997,0.32299999999999995,0.6
337,Peterson,Jace,ATL,OF,89,186,15,40,9,2,2,17,3,0,27,48,1,0,1,0.215,0.318,0.317,0.635
338,Travis,Devon,TOR,2B,50,185,22,48,18,0,5,24,4,2,7,38,1,2,2,0.259,0.29100000000000004,0.43799999999999994,0.7290000000000001
339,Carter,Chris,NYY,1B,62,184,20,37,5,1,8,26,0,0,20,76,0,2,2,0.201,0.284,0.37,0.654
340,Nava,Daniel,PHI,OF,80,183,21,55,8,1,4,21,1,0,26,38,0,2,3,0.301,0.39299999999999996,0.42100000000000004,0.8140000000000001
341,Valaika,Pat,COL,SS,110,182,28,47,11,0,13,40,0,0,7,53,5,1,0,0.258,0.284,0.5329999999999999,0.8170000000000001
342,Plouffe,Trevor,OAK,3B,58,182,22,39,5,0,7,14,1,1,16,58,0,1,0,0.214,0.276,0.35700000000000004,0.633
343,Norris,Derek,TB,C,53,179,21,36,5,0,9,24,1,0,12,48,0,4,3,0.201,0.258,0.38,0.638
344,Kivlehan,Patrick,CIN,OF,115,178,23,37,5,1,9,26,1,2,22,61,0,1,3,0.20800000000000002,0.304,0.39899999999999997,0.703
345,Nimmo,Brandon,NYM,OF,69,177,26,46,11,1,5,21,2,0,33,60,1,2,2,0.26,0.379,0.418,0.797
346,Sucre,Jesus,TB,C,63,176,20,45,6,0,7,29,2,0,7,35,2,4,3,0.256,0.289,0.409,0.698
347,Szczur,Matt,SD,OF,104,176,26,40,11,2,3,15,0,2,32,40,2,0,4,0.22699999999999998,0.358,0.364,0.722
348,Rivera,Rene,NYM,C,54,174,15,40,4,0,8,23,0,1,9,54,0,1,3,0.23,0.278,0.391,0.669
349,Hicks,John,DET,1B,60,173,25,46,12,0,6,22,2,1,13,51,0,1,3,0.266,0.326,0.439,0.765
350,Canha,Mark,OAK,OF,57,173,16,36,13,1,5,14,2,0,7,56,0,1,6,0.20800000000000002,0.262,0.382,0.644
351,Garcia,Adonis,ATL,3B,52,173,19,41,4,0,5,19,4,0,7,23,0,1,2,0.237,0.273,0.34700000000000003,0.62
352,Almonte,Abraham,CLE,OF,69,172,26,40,8,3,3,14,2,1,20,46,1,1,1,0.233,0.314,0.366,0.68
353,Marrero,Deven,BOS,3B,71,171,32,36,9,0,4,27,5,0,12,61,3,2,0,0.21100000000000002,0.259,0.33299999999999996,0.5920000000000001
354,Knapp,Andrew,PHI,C,56,171,26,44,8,1,3,13,1,0,31,56,0,2,0,0.257,0.368,0.368,0.736
355,Duda,Lucas,TB,1B,52,171,20,30,7,0,13,27,0,0,23,62,0,2,4,0.175,0.285,0.444,0.7290000000000001
356,Hoskins,Rhys,PHI,1B,50,170,37,44,7,0,18,48,2,0,37,46,0,2,3,0.259,0.396,0.618,1.014
357,Bandy,Jett,MIL,C,60,169,14,35,6,0,6,18,1,0,15,51,0,0,4,0.207,0.287,0.349,0.636
358,Amarista,Alexi,COL,2B,96,168,22,40,10,0,3,19,1,0,7,38,1,0,0,0.23800000000000002,0.26899999999999996,0.35100000000000003,0.62
359,Ahmed,Nick,ARI,SS,53,167,24,42,8,1,6,21,3,4,10,39,0,0,1,0.251,0.298,0.419,0.7170000000000001
360,Smith,Dominic,NYM,1B,49,167,17,33,6,0,9,26,0,0,14,49,0,1,1,0.198,0.262,0.395,0.657
361,Parker,Jarrett,SF,OF,51,166,14,41,12,2,4,23,2,1,10,54,0,0,1,0.247,0.294,0.41600000000000004,0.71
362,Tomas,Yasmany,ARI,OF,47,166,19,40,11,1,8,32,0,0,13,50,0,1,0,0.24100000000000002,0.294,0.46399999999999997,0.758
363,Machado,Dixon,DET,SS,73,166,17,43,5,1,1,11,1,0,10,32,2,2,1,0.259,0.302,0.319,0.621
364,Nunez,Eduardo,BOS,3B,38,165,23,53,12,0,8,27,6,2,6,25,0,0,2,0.321,0.353,0.539,0.892
365,Rosario,Amed,NYM,SS,46,165,16,41,4,4,4,10,7,3,3,49,0,0,2,0.248,0.271,0.39399999999999996,0.665
366,Schimpf,Ryan,SD,3B,53,165,24,26,2,0,14,25,0,0,27,70,0,2,3,0.158,0.284,0.424,0.708
367,Guyer,Brandon,CLE,OF,70,165,23,39,7,1,2,20,2,0,15,43,2,2,8,0.23600000000000002,0.326,0.327,0.653
368,Blash,Jabari,SD,OF,61,164,24,35,6,0,5,16,1,2,28,66,0,1,2,0.213,0.33299999999999996,0.341,0.674
369,Kendrick,Howie,WAS,OF,52,164,24,48,8,2,7,25,4,2,11,38,0,1,2,0.293,0.34299999999999997,0.494,0.8370000000000001
370,Butera,Drew,KC,C,75,163,18,37,4,1,3,14,0,0,12,41,1,0,1,0.22699999999999998,0.284,0.319,0.603
371,Adrianza,Ehire,MIN,SS,70,162,30,43,9,2,2,24,8,1,16,25,1,6,1,0.265,0.324,0.38299999999999995,0.7070000000000001
372,Tapia,Raimel,COL,OF,70,160,27,46,12,2,2,16,5,2,8,36,1,0,2,0.28800000000000003,0.32899999999999996,0.425,0.754
373,Hanson,Alen,CWS,2B,69,160,28,37,9,1,4,10,9,2,10,43,1,3,1,0.231,0.276,0.375,0.6509999999999999
374,Sandoval,Pablo,SF,3B,47,160,17,36,9,0,5,20,0,0,8,29,0,2,1,0.225,0.263,0.375,0.638
375,Vogt,Stephen,OAK,C,54,157,12,34,8,1,4,20,0,1,16,31,0,1,0,0.217,0.287,0.35700000000000004,0.644
376,Urshela,Giovanny,CLE,3B,67,156,14,35,7,0,1,15,0,0,8,22,1,0,0,0.22399999999999998,0.262,0.28800000000000003,0.55
377,Diaz,Yandy,CLE,3B,49,156,25,41,8,1,0,13,2,0,21,35,0,1,1,0.263,0.35200000000000004,0.327,0.679
378,Ruiz,Rio,ATL,3B,53,150,22,29,5,0,4,19,1,0,19,41,0,3,1,0.193,0.28300000000000003,0.307,0.59
379,Jones,Ryder,SF,1B,53,150,12,26,5,2,2,5,1,0,10,52,0,0,4,0.17300000000000001,0.244,0.273,0.517
380,Collins,Tyler,DET,OF,49,150,18,29,4,1,5,14,0,4,18,55,0,1,0,0.193,0.278,0.33299999999999996,0.611
381,Bruce,Jay,CLE,OF,43,149,21,37,9,2,7,26,1,0,18,37,0,1,1,0.248,0.331,0.47700000000000004,0.8079999999999999
382,Phegley,Josh,OAK,C,57,149,14,30,11,0,3,10,0,1,9,26,0,1,2,0.201,0.255,0.336,0.591
383,Bird,Greg,NYY,1B,48,147,20,28,7,0,9,28,0,0,19,42,0,2,2,0.19,0.28800000000000003,0.42200000000000004,0.71
384,Fisher,Derek,HOU,OF,53,146,21,31,4,1,5,17,3,3,17,54,0,0,3,0.212,0.307,0.35600000000000004,0.6629999999999999
385,Santana,Danny,ATL,OF,69,143,16,29,9,2,3,22,6,0,7,33,1,0,1,0.203,0.245,0.35700000000000004,0.602
386,Brugman,Jaycob,OAK,OF,48,143,12,38,2,0,3,12,1,2,18,38,0,1,0,0.266,0.34600000000000003,0.34299999999999997,0.6890000000000001
387,Cuthbert,Cheslor,KC,3B,58,143,10,33,7,0,2,18,0,0,9,39,0,1,0,0.231,0.275,0.322,0.597
388,Ellis,A.J.,MIA,C,51,143,17,30,5,0,6,14,0,0,12,29,2,0,6,0.21,0.298,0.371,0.669
389,Lucroy,Jonathan,COL,C,46,142,18,44,6,3,2,13,0,0,27,19,0,2,4,0.31,0.429,0.43700000000000006,0.866
390,Delmonico,Nicky,CWS,OF,43,141,25,37,4,0,9,23,2,0,23,31,0,0,2,0.262,0.373,0.48200000000000004,0.855
391,Kendrick,Howie,PHI,OF,39,141,16,48,8,1,2,16,8,3,11,30,0,1,3,0.34,0.397,0.45399999999999996,0.851
392,Lobaton,Jose,WAS,C,51,141,11,24,3,0,4,11,0,0,14,35,1,1,1,0.17,0.248,0.27699999999999997,0.525
393,Jones,JaCoby,DET,OF,56,141,14,24,3,1,3,13,6,2,9,65,0,0,4,0.17,0.24,0.27,0.51
394,Mesoraco,Devin,CIN,C,56,141,17,30,5,1,6,14,1,0,18,38,0,1,5,0.213,0.321,0.39,0.711
395,Prado,Martin,MIA,3B,37,140,13,35,9,0,2,12,0,0,6,22,0,1,0,0.25,0.27899999999999997,0.35700000000000004,0.636
396,Holt,Brock,BOS,2B,64,140,20,28,6,0,0,7,2,1,19,34,0,2,3,0.2,0.305,0.243,0.5479999999999999
397,Sanchez,Hector,SD,C,75,137,14,30,4,0,8,25,0,0,5,41,0,1,0,0.21899999999999997,0.245,0.423,0.6679999999999999
398,Fuentes,Rey,ARI,OF,64,136,19,32,1,2,3,9,4,1,8,35,1,0,0,0.235,0.278,0.33799999999999997,0.616
399,Frazier,Clint,NYY,OF,39,134,16,31,9,4,4,17,1,0,7,43,0,1,0,0.231,0.268,0.44799999999999995,0.716
400,Alonso,Yonder,SEA,1B,42,132,20,35,5,0,6,18,1,0,18,30,0,0,0,0.265,0.353,0.439,0.792
401,Stewart,Chris,PIT,C,51,131,8,24,1,2,0,4,0,0,9,22,3,0,1,0.183,0.24100000000000002,0.221,0.462
402,Maile,Luke,TOR,C,46,130,10,19,5,0,2,7,1,0,3,35,0,1,2,0.146,0.17600000000000002,0.231,0.40700000000000003
403,Blanco,Andres,PHI,3B,80,130,10,25,4,0,3,13,1,0,12,34,0,2,0,0.192,0.257,0.292,0.5489999999999999
404,Rua,Ryan,TEX,OF,63,129,17,28,6,0,3,12,2,2,14,52,1,0,0,0.217,0.294,0.33299999999999996,0.627
405,Marte,Jefry,LAA,1B,45,127,10,22,5,0,4,14,1,0,13,34,0,1,4,0.17300000000000001,0.26899999999999996,0.307,0.5760000000000001
406,Ruiz,Carlos,SEA,C,54,125,14,27,8,0,3,11,1,0,14,38,1,1,4,0.21600000000000003,0.313,0.35200000000000004,0.665
407,Arroyo,Christian,SF,3B,34,125,9,24,5,0,3,14,1,2,8,32,0,1,1,0.192,0.244,0.304,0.5479999999999999
408,Torrens,Luis,SD,C,56,123,7,20,3,1,0,7,0,0,12,30,3,0,1,0.163,0.243,0.203,0.446
409,Vogt,Stephen,MIL,C,45,122,13,31,7,0,8,20,0,0,5,25,1,1,0,0.254,0.281,0.508,0.789
410,Rasmus,Colby,TB,OF,37,121,17,34,7,1,9,23,1,0,7,45,0,1,0,0.281,0.318,0.579,0.897
411,Winker,Jesse,CIN,OF,47,121,21,36,7,0,7,15,1,1,15,24,1,0,0,0.298,0.375,0.529,0.904
412,Moroff,Max,PIT,2B,56,120,19,24,4,1,3,21,0,1,16,43,1,1,2,0.2,0.302,0.325,0.627
413,Walker,Neil,MIL,2B,38,120,19,32,8,0,4,13,0,1,28,30,0,0,1,0.267,0.409,0.433,0.8420000000000001
414,Slater,Austin,SF,OF,34,117,15,33,3,1,3,16,0,0,8,29,0,0,2,0.282,0.33899999999999997,0.402,0.741
415,Martin,Leonys,SEA,OF,34,115,12,20,2,1,3,8,6,4,5,29,0,0,2,0.174,0.221,0.287,0.508
416,Voit,Luke,STL,1B,62,114,18,28,9,0,4,18,0,0,7,31,0,0,3,0.24600000000000002,0.306,0.43,0.736
417,Reynolds,Matt,NYM,3B,68,113,12,26,1,2,1,5,0,1,14,37,1,0,2,0.23,0.326,0.301,0.627
418,Tejada,Ruben,BAL,SS,41,113,17,26,6,0,0,5,0,0,8,15,1,0,2,0.23,0.293,0.28300000000000003,0.5760000000000001
419,Granderson,Curtis,LAD,OF,36,112,16,18,2,0,7,12,2,0,18,33,0,0,2,0.161,0.28800000000000003,0.366,0.654
420,Gonzalez,Erik,CLE,2B,60,110,18,28,6,0,4,11,1,2,3,37,1,1,0,0.255,0.272,0.418,0.69
421,Adams,Lane,ATL,OF,85,109,19,30,4,1,5,20,10,0,10,37,1,1,1,0.275,0.33899999999999997,0.46799999999999997,0.807
422,Rutledge,Josh,BOS,3B,37,107,10,24,2,1,0,9,1,0,9,31,0,0,2,0.22399999999999998,0.297,0.262,0.5589999999999999
423,Robinson,Drew,TEX,OF,48,107,11,24,5,0,6,13,0,2,14,42,0,0,0,0.22399999999999998,0.314,0.439,0.753
424,Alfaro,Jorge,PHI,C,29,107,12,34,6,0,5,14,0,0,3,33,0,0,4,0.318,0.36,0.514,0.8740000000000001
425,Alcantara,Arismendy,CIN,OF,70,105,13,18,3,1,1,7,2,0,2,38,1,0,0,0.171,0.187,0.248,0.435
426,Garcia,Willy,CWS,OF,44,105,15,25,5,3,2,12,0,0,11,31,1,2,0,0.23800000000000002,0.305,0.4,0.705
427,Telis,Tomas,MIA,1B,48,104,13,25,5,3,0,9,0,0,3,10,0,1,3,0.24,0.27899999999999997,0.34600000000000003,0.625
428,Cowart,Kaleb,LAA,3B,50,102,18,23,5,1,3,11,4,2,10,28,2,0,3,0.225,0.313,0.382,0.695
429,Aoki,Norichika,NYM,OF,27,102,16,29,7,1,0,8,5,0,13,10,0,0,1,0.284,0.371,0.373,0.7440000000000001
430,Phillips,Brandon,LAA,2B,24,102,13,26,7,0,2,8,1,0,2,16,1,0,0,0.255,0.26899999999999996,0.382,0.6509999999999999
431,Gentry,Craig,BAL,OF,77,101,17,26,5,1,2,11,5,4,11,24,3,1,1,0.257,0.33299999999999996,0.386,0.7190000000000001
432,Plouffe,Trevor,TB,3B,42,101,9,17,2,0,2,5,0,1,12,30,0,0,1,0.168,0.263,0.248,0.511
433,Hanigan,Ryan,COL,C,33,101,9,27,2,0,2,12,0,0,8,26,1,1,1,0.267,0.324,0.34700000000000003,0.6709999999999999
434,Plawecki,Kevin,NYM,C,37,100,11,26,5,0,3,13,1,0,14,17,0,1,3,0.26,0.364,0.4,0.764
435,Sandoval,Pablo,BOS,3B,32,99,10,21,2,0,4,12,0,1,8,24,0,1,0,0.212,0.26899999999999996,0.354,0.623
436,Montero,Miguel,CHC,C,44,98,12,28,3,0,4,8,1,0,11,24,0,1,2,0.28600000000000003,0.366,0.439,0.805
437,Upton,Justin,LAA,OF,27,98,19,24,7,0,7,15,4,0,17,33,0,0,0,0.245,0.35700000000000004,0.531,0.888
438,Weeks,Rickie,TB,DH,37,97,13,21,6,0,2,8,1,0,12,49,0,0,3,0.21600000000000003,0.321,0.34,0.6609999999999999
439,Soler,Jorge,KC,OF,35,97,7,14,5,0,2,6,0,0,12,36,0,0,1,0.14400000000000002,0.245,0.258,0.503
440,Toles,Andrew,LAD,OF,31,96,17,26,3,0,5,15,0,1,5,16,0,0,1,0.271,0.314,0.45799999999999996,0.772
441,Rodriguez,Sean,PIT,OF,39,95,12,16,1,0,3,5,0,0,8,38,0,0,3,0.168,0.255,0.27399999999999997,0.529
442,Drew,Stephen,WAS,SS,46,95,9,24,7,0,1,17,0,0,8,21,0,3,0,0.253,0.302,0.358,0.66
443,Candelario,Jeimer,DET,3B,27,94,16,31,7,0,2,13,0,0,12,18,0,0,0,0.33,0.406,0.46799999999999997,0.8740000000000001
444,Granite,Zack,MIN,OF,40,93,14,22,2,0,1,13,2,2,12,9,1,1,0,0.237,0.321,0.29,0.611
445,Avila,Alex,CHC,C,35,92,11,22,2,1,3,17,0,0,19,40,1,0,0,0.239,0.369,0.38,0.7490000000000001
446,Cordero,Franchy,SD,OF,30,92,15,21,3,3,3,9,1,1,6,44,1,0,0,0.228,0.276,0.424,0.7
447,Eaton,Adam,WAS,OF,23,91,24,27,7,1,2,13,3,1,14,18,0,1,1,0.297,0.39299999999999996,0.462,0.855
448,Kelly,Ty,PHI,2B,69,88,11,17,7,0,2,14,0,0,8,24,4,3,1,0.193,0.26,0.341,0.601
449,Hernandez,Teoscar,TOR,OF,26,88,16,23,6,0,8,20,0,1,6,36,0,1,0,0.261,0.305,0.602,0.907
450,Perkins,Cameron,PHI,OF,42,88,9,16,5,0,1,8,0,0,5,23,0,2,2,0.182,0.237,0.273,0.51
451,Montero,Miguel,TOR,C,32,87,12,12,3,0,2,8,0,0,12,23,0,1,1,0.138,0.248,0.24100000000000002,0.489
452,Phillips,Brett,MIL,OF,37,87,9,24,3,0,4,12,5,0,9,34,1,0,1,0.276,0.35100000000000003,0.44799999999999995,0.799
453,Aviles,Mike,MIA,SS,37,86,5,20,2,0,1,8,0,0,6,15,3,0,2,0.233,0.298,0.29100000000000004,0.589
454,Orlando,Paulo,KC,OF,39,86,9,17,3,0,2,6,1,1,1,20,0,0,2,0.198,0.225,0.302,0.527
455,Bader,Harrison,STL,OF,32,85,10,20,3,0,3,10,2,1,5,24,0,1,1,0.235,0.28300000000000003,0.376,0.659
456,Rosales,Adam,ARI,2B,34,84,10,17,5,0,3,9,0,1,1,34,1,1,2,0.20199999999999999,0.22699999999999998,0.369,0.596
457,Anderson,Brian,MIA,3B,25,84,11,22,7,1,0,8,0,0,10,28,0,1,0,0.262,0.337,0.369,0.706
458,Graterol,Juan,LAA,C,48,84,5,17,4,0,0,10,0,0,1,13,0,2,0,0.20199999999999999,0.207,0.25,0.457
459,Adduci,Jim,DET,OF,29,83,14,20,6,2,1,10,1,1,10,27,0,0,0,0.24100000000000002,0.32299999999999995,0.39799999999999996,0.721
460,Franklin,Nick,MIL,OF,53,82,7,16,2,1,2,10,2,0,5,19,0,0,2,0.195,0.258,0.317,0.575
461,Turner,Stuart,CIN,C,37,82,4,11,3,0,2,7,0,0,5,22,1,1,0,0.134,0.182,0.244,0.426
462,Powell,Boog,OAK,OF,29,81,18,26,5,0,3,10,0,1,9,21,0,2,0,0.321,0.38,0.494,0.8740000000000001
463,Gillaspie,Conor,SF,3B,44,80,8,13,4,0,2,8,0,0,5,10,0,1,1,0.163,0.218,0.28800000000000003,0.506
464,Robertson,Daniel,CLE,OF,32,80,9,18,4,1,1,7,0,1,7,3,1,0,0,0.225,0.287,0.33799999999999997,0.625
465,Peterson,Shane,TB,OF,30,79,9,20,5,0,2,11,2,0,5,21,0,1,2,0.253,0.31,0.392,0.7020000000000001
466,Stassi,Brock,PHI,1B,51,78,6,13,2,1,2,7,0,0,12,22,0,0,0,0.16699999999999998,0.278,0.295,0.573
467,Luplow,Jordan,PIT,OF,27,78,6,16,3,1,3,11,0,1,6,22,0,1,2,0.205,0.276,0.385,0.6609999999999999
468,Cecchini,Gavin,NYM,2B,32,77,4,16,2,0,1,7,0,1,4,19,0,0,1,0.20800000000000002,0.256,0.273,0.529
469,Travis,Sam,BOS,1B,33,76,13,20,6,0,0,1,1,0,6,23,0,0,1,0.263,0.325,0.342,0.667
470,Jankowski,Travis,SD,OF,27,75,10,14,2,0,0,1,4,0,9,28,2,0,1,0.187,0.282,0.213,0.495
471,Coghlan,Chris,TOR,3B,36,75,7,15,2,0,1,5,0,0,9,22,1,1,2,0.2,0.299,0.267,0.5660000000000001
472,Torres,Ramon,KC,2B,33,74,9,18,3,0,0,4,1,0,4,12,0,0,1,0.243,0.29100000000000004,0.284,0.575
473,Heisey,Chris,WAS,OF,38,74,8,12,3,1,1,5,0,0,5,22,0,0,0,0.162,0.215,0.27,0.485
474,Hoying,Jared,TEX,OF,36,72,13,16,3,0,1,7,3,0,4,23,0,1,0,0.222,0.26,0.306,0.5660000000000001
475,Barreto,Franklin,OAK,SS,25,71,10,14,1,2,2,6,2,0,5,33,0,0,0,0.19699999999999998,0.25,0.35200000000000004,0.602
476,Sanchez,Adrian,WAS,3B,34,71,6,19,7,0,0,11,0,2,1,25,2,0,1,0.268,0.28800000000000003,0.366,0.654
477,Fryer,Eric,STL,C,34,71,7,11,3,0,0,3,0,0,11,18,0,0,1,0.155,0.27699999999999997,0.19699999999999998,0.474
478,Crawford,J.P.,PHI,3B,23,70,8,15,4,1,0,6,1,0,16,22,0,1,0,0.214,0.35600000000000004,0.3,0.6559999999999999
479,Kelly,Carson,STL,C,34,69,5,12,3,0,0,6,0,0,5,11,0,0,1,0.174,0.24,0.217,0.457
480,Williamson,Mac,SF,OF,28,68,8,16,2,0,3,6,1,1,5,25,0,0,0,0.235,0.28800000000000003,0.397,0.685
481,Urena,Richard,TOR,SS,21,68,6,14,4,0,1,4,1,0,6,28,1,0,0,0.20600000000000002,0.27,0.309,0.579
482,Garneau,Dustin,COL,C,22,68,5,14,7,0,1,6,0,0,4,24,1,0,1,0.20600000000000002,0.26,0.353,0.613
483,Hill,Aaron,SF,2B,34,68,7,9,2,1,1,7,0,0,11,13,0,1,0,0.132,0.25,0.235,0.485
484,Coleman,Dusty,SD,SS,27,66,6,15,3,0,4,9,1,0,2,33,0,1,2,0.22699999999999998,0.268,0.455,0.723
485,Raburn,Ryan,WAS,OF,25,65,7,17,1,2,2,6,0,1,4,25,0,0,0,0.262,0.304,0.431,0.735
486,Hechavarria,Adeiny,MIA,SS,20,65,8,18,2,1,1,6,0,0,1,9,1,0,0,0.27699999999999997,0.28800000000000003,0.385,0.6729999999999999
487,Nicholas,Brett,TEX,1B,22,63,7,15,4,0,2,11,0,0,2,13,0,0,0,0.23800000000000002,0.262,0.397,0.659
488,Davis,J.D.,HOU,3B,25,62,8,14,4,0,4,7,1,1,4,20,0,1,1,0.226,0.27899999999999997,0.484,0.763
489,Navarro,Efren,DET,1B,23,61,9,14,1,1,2,2,0,1,8,21,0,0,0,0.23,0.319,0.377,0.696
490,White,Tyler,HOU,1B,22,61,7,17,6,0,3,10,0,1,4,16,0,1,1,0.27899999999999997,0.32799999999999996,0.525,0.853
491,Hays,Austin,BAL,OF,20,60,4,13,3,0,1,8,0,0,2,16,0,1,0,0.217,0.23800000000000002,0.317,0.555
492,Ruggiano,Justin,SF,OF,19,60,2,13,1,0,2,4,1,1,1,17,0,1,1,0.217,0.23800000000000002,0.33299999999999996,0.5710000000000001
493,Sierra,Magneuris,STL,OF,22,60,10,19,0,0,0,5,2,2,4,14,0,0,0,0.317,0.359,0.317,0.6759999999999999
494,Caratini,Victor,CHC,C,31,59,6,15,3,0,1,2,0,0,4,13,0,0,3,0.254,0.33299999999999996,0.35600000000000004,0.6890000000000001
495,Maybin,Cameron,HOU,OF,21,59,6,11,1,1,4,13,4,3,3,16,1,0,0,0.18600000000000003,0.226,0.441,0.667
496,Wade,Tyler,NYY,2B,30,58,7,9,4,0,0,2,1,1,5,19,0,0,0,0.155,0.222,0.22399999999999998,0.446
497,Ervin,Phillip,CIN,OF,28,58,8,15,2,0,3,10,4,1,4,15,1,0,1,0.259,0.317,0.44799999999999995,0.765
498,Profar,Jurickson,TEX,OF,22,58,8,10,2,0,0,5,1,1,9,14,2,0,1,0.172,0.294,0.207,0.501
499,Hernandez,Marco,BOS,2B,21,58,7,16,3,0,0,2,0,1,1,15,0,0,1,0.276,0.3,0.32799999999999996,0.628
500,Hanson,Alen,PIT,2B,37,57,8,11,0,2,0,1,2,1,2,9,0,0,0,0.193,0.22,0.263,0.483
501,Asche,Cody,CWS,DH,19,57,5,6,1,0,1,4,0,0,3,21,0,0,2,0.105,0.177,0.175,0.35200000000000004
502,Stevenson,Andrew,WAS,OF,37,57,5,9,2,0,0,1,1,0,7,20,2,0,0,0.158,0.25,0.193,0.44299999999999995
503,Lin,Tzu-Wei,BOS,2B,25,56,7,15,0,2,0,2,1,1,9,17,1,0,0,0.268,0.369,0.33899999999999997,0.708
504,Gutierrez,Franklin,LAD,OF,35,56,8,13,3,0,1,8,0,1,7,16,0,0,0,0.23199999999999998,0.317,0.33899999999999997,0.6559999999999999
505,Peralta,Jhonny,STL,3B,21,54,3,11,0,0,0,0,0,0,4,13,0,0,0,0.204,0.259,0.204,0.46299999999999997
506,Ngoepe,Gift,PIT,2B,28,54,10,12,2,1,0,6,0,0,8,26,1,0,0,0.222,0.32299999999999995,0.29600000000000004,0.619
507,Lopez,Raffy,TOR,C,24,54,9,12,1,0,4,12,0,0,7,21,0,1,0,0.222,0.306,0.46299999999999997,0.769
508,Mondesi,Raul,KC,2B,25,53,4,9,1,0,1,3,5,2,3,22,4,0,0,0.17,0.214,0.245,0.45899999999999996
509,Taijeron,Travis,NYM,OF,26,52,3,9,2,0,1,3,0,0,5,24,0,0,2,0.17300000000000001,0.271,0.26899999999999996,0.54
510,Hwang,Jae-Gyun,SF,3B,18,52,2,8,1,0,1,5,0,0,5,15,0,0,0,0.154,0.228,0.231,0.45899999999999996
511,Centeno,Juan,HOU,C,22,52,5,12,0,0,2,4,0,0,4,12,1,0,0,0.231,0.28600000000000003,0.34600000000000003,0.632
512,Hazelbaker,Jeremy,ARI,OF,41,52,10,18,2,2,2,10,1,0,9,20,0,0,0,0.34600000000000003,0.44299999999999995,0.5770000000000001,1.02
513,Refsnyder,Rob,TOR,2B,32,51,5,10,1,0,0,0,2,1,5,9,0,0,1,0.196,0.281,0.21600000000000003,0.49700000000000005
514,Decker,Jaff,OAK,OF,17,50,4,10,1,1,0,1,1,1,8,17,3,0,1,0.2,0.322,0.26,0.5820000000000001
